TRI,N
AAA,3088491
TAA,1845951
CAA,1389358
GAA,1236982
ATA,1863806
TTA,1836888
CTA,850726
GTA,774906
ACA,1163371
TCA,1169719
CCA,703540
GCA,511098
AGA,1236436
TGA,1174338
CGA,446524
GGA,606339
AAT,2083510
TAT,1863271
CAT,1112256
GAT,1034113
ATT,2084245
TTT,3078779
CTT,1211625
GTT,1171882
ACT,933099
TCT,1237780
CCT,524268
GCT,503126
AGT,933092
TGT,1162349
CGT,382588
GGT,572349
AAC,1179345
TAC,776413
CAC,589634
GAC,514048
ATC,1035826
TTC,1236150
CTC,678694
GTC,513170
ACC,580229
TCC,607282
CCC,316878
GCC,278301
AGC,503966
TGC,509992
CGC,176481
GGC,277182
AAG,1211410
TAG,840674
CAG,455781
GAG,679676
ATG,1109253
TTG,1392879
CTG,456654
GTG,590619
ACG,382533
TCG,447915
CCG,237195
GCG,175082
AGG,514592
TGG,703397
CGG,237107
GGG,309621
