S,D,M,S2,S3,D2,D3,genespace,nongenspace,gene,nongenic,DnDs,Dn,Ds,duO,duEst,RNS,mu_g_obs,mu_ref,gene_exp,ns_exp_mu,s_exp_mu,nc_exp_mu,dmu_ns,dmu_s,dmu_nc,duO_reduction,duEst_reduction,dmu_ns_reduction,dmu_s_reduction,dmu_nc_reduction,chi_DnDs,DnDs_p,gene_rate,ref_rate
0,0,0.25,0,0,0,0,4000,4000,1869,7076,2.01273885350318,948,471,0.264132278123233,0.263284341435839,-0.000847936687394008,0.46725,1.769,7076,3538,1769,1769,0.267947993216507,0.266252119841719,0.254381006218202,0.735867721876767,0.736715658564161,0.732052006783493,0.733747880158282,0.745618993781798,0.910325756357089,0.0408031693576666,2.59583333333333,9.82777777777778
0,0,0.4375,0,0,0,0,4000,4000,3281,7168,1.89725209080048,1588,837,0.457728794642857,0.4697265625,0.0119977678571429,0.82025,1.792,7168,3584,1792,1792,0.443080357142857,0.467075892857143,0.477678571428571,0.542271205357143,0.5302734375,0.556919642857143,0.532924107142857,0.522321428571429,0.216872177873848,0.663796159239296,4.55694444444444,9.95555555555555
0,0,0.625,0,0,0,0,4000,4000,4747,7215,2.05927180355631,2432,1181,0.657934857934858,0.648232848232848,-0.0097020097020097,1.18675,1.80375,7215,3607.5,1803.75,1803.75,0.674151074151074,0.654747054747055,0.628690228690229,0.342065142065142,0.351767151767152,0.325848925848926,0.345252945252945,0.371309771309771,0.410239391383422,0.386962640800673,6.59305555555555,10.0208333333333
0,0,0.8125,0,0,0,0,4000,4000,6024,7436,1.98610191925877,3001,1511,0.810112963959118,0.812937062937063,0.00282409897794513,1.506,1.859,7436,3718,1859,1859,0.807154384077461,0.812802582033351,0.813340505648198,0.189887036040882,0.187062937062937,0.192845615922539,0.187197417966649,0.186659494351802,0.825041916009753,0.0835239866872751,8.36666666666667,10.3277777777778
0,0,1,0,0,0,0,4000,4000,7514,7421,1.92819706498952,3679,1908,1.01253200377308,1.03099312761083,0.0184611238377577,1.8785,1.85525,7421,3710.5,1855.25,1855.25,0.991510578089206,1.02843282576472,1.03867403314917,-0.0125320037730765,-0.0309931276108342,0.00848942191079372,-0.0284328257647217,-0.0386740331491713,0.194963937222519,0.710045713322982,10.4361111111111,10.3069444444444
0.001,0,0.25,0,0,0,0,4000,4000,1869,7378,2.11409395973154,945,447,0.253320683111954,0.246408240715641,-0.00691244239631337,0.46725,1.8445,7378,3689,1844.5,1844.5,0.256166982922201,0.242342098129574,0.258606668473841,0.746679316888046,0.753591759284359,0.743833017077799,0.757657901870426,0.741393331526159,0.333756534449672,0.476570222713049,2.59583333333333,10.2472222222222
0.001,0,0.4375,0,0,0,0,4000,4000,3228,7418,2.03059975520196,1659,817,0.435157724454031,0.431787543812348,-0.00337018064168239,0.807,1.8545,7418,3709,1854.5,1854.5,0.447290374764087,0.440550013480723,0.405500134807226,0.564842275545969,0.568212456187652,0.552709625235913,0.559449986519278,0.594499865192774,0.722392748175769,0.141226622388702,4.48333333333333,10.3027777777778
0.001,0,0.625,0,0,0,0,4000,4000,4691,7586,2.22922374429224,2441,1095,0.618375955707883,0.585288689691537,-0.0330872660163459,1.17275,1.8965,7586,3793,1896.5,1896.5,0.643553915106776,0.577379383074084,0.609016609543897,0.381624044292117,0.414711310308463,0.356446084893224,0.422620616925916,0.390983390456103,0.00283844388176034,2.54691968769284,6.51527777777778,10.5361111111111
0.001,0,0.8125,0,0,0,0,4000,4000,5880,7396,1.90388413429888,2892,1519,0.795024337479719,0.814764737696052,0.0197404002163332,1.47,1.849,7396,3698,1849,1849,0.782044348296376,0.821525148729043,0.79448350459708,0.204975662520281,0.185235262303948,0.217955651703624,0.178474851270957,0.205516495402921,0.120083452052689,0.920516835872339,8.16666666666667,10.2722222222222
0.001,0,1,0,0,0,0,4000,4000,7444,7474,2.05027322404372,3752,1830,0.995986085094996,0.983676746052984,-0.0123093390420123,1.861,1.8685,7474,3737,1868.5,1868.5,1.004013914905,0.979395236820979,0.996521273748997,0.00401391490500402,0.0163232539470163,-0.00401391490500402,0.0206047631790206,0.00347872625100343,0.383907719749391,0.415773154850936,10.3388888888889,10.3805555555556
0.01,0,0.25,0,0,0,0,4000,4000,1843,7194,2.14840182648402,941,438,0.256185710314151,0.247150403113706,-0.00903530720044481,0.46075,1.7985,7194,3597,1798.5,1798.5,0.261606894634418,0.243536280233528,0.25799277175424,0.743814289685849,0.752849596886294,0.738393105365582,0.756463719766472,0.74200722824576,0.215826436697602,0.665895359427513,2.55972222222222,9.99166666666667
0.01,0,0.4375,0,0,0,0,4000,4000,3331,7334,2.03125,1690,832,0.454185983092446,0.450640850831743,-0.00354513226070357,0.83275,1.8335,7334,3667,1833.5,1833.5,0.460867193891464,0.453776929370057,0.441232615216799,0.545814016907554,0.549359149168257,0.539132806108536,0.546223070629943,0.558767384783202,0.714299213001002,0.146119828371202,4.62638888888889,10.1861111111111
0.01,0,0.625,0,0,0,0,4000,4000,4578,7346,2.04159292035398,2307,1130,0.623196297304656,0.616798257555132,-0.00639803974952355,1.1445,1.8365,7346,3673,1836.5,1836.5,0.62809692349578,0.615300843996733,0.62129049823033,0.376803702695344,0.383201742444868,0.37190307650422,0.384699156003267,0.378709501769671,0.570793975707202,0.243520619178495,6.35833333333333,10.2027777777778
0.01,0,0.8125,0,0,0,0,4000,4000,6043,7507,1.95893089960887,3005,1534,0.804982016784335,0.813374184094845,0.00839216731051019,1.51075,1.87675,7507,3753.5,1876.75,1876.75,0.800586119621686,0.817370454242707,0.801385373651259,0.195017983215665,0.186625815905155,0.199413880378314,0.182629545757293,0.198614626348741,0.50847174560191,0.29373317463917,8.39305555555555,10.4263888888889
0.01,0,1,0,0,0,0,4000,4000,7332,7339,2.02041942604857,3661,1812,0.999046191579234,0.994004632783758,-0.00504155879547622,1.833,1.83475,7339,3669.5,1834.75,1834.75,0.997683608120997,0.987600490530045,1.0132170595449,0.000953808420765867,0.00599536721624205,0.00231639187900257,0.0123995094699551,-0.013217059544897,0.723600990786816,0.140500847156403,10.1833333333333,10.1930555555556
0.03,0,0.25,0,0,0,0,4000,4000,1826,7439,2.03174603174603,896,441,0.245463099879016,0.243581126495497,-0.00188197338351929,0.4565,1.85975,7439,3719.5,1859.75,1859.75,0.240892593090469,0.237128646323431,0.262938567011695,0.754536900120984,0.756418873504503,0.759107406909531,0.762871353676569,0.737061432988305,0.786593450616559,0.104249673961016,2.53611111111111,10.3319444444444
0.03,0,0.4375,0,0,0,0,4000,4000,3270,7483,2.02325581395349,1653,817,0.436990511826807,0.434451423225979,-0.00253908860082854,0.8175,1.87075,7483,3741.5,1870.75,1870.75,0.441801416544167,0.43672323934251,0.427635974876386,0.563009488173193,0.565548576774021,0.558198583455833,0.56327676065749,0.572364025123614,0.786908359335658,0.104075841150696,4.54166666666667,10.3930555555556
0.03,0,0.625,0,0,0,0,4000,4000,4617,7436,1.98442906574394,2294,1156,0.620898332436794,0.623318988703604,0.00242065626681011,1.15425,1.859,7436,3718,1859,1859,0.616998386229156,0.621839698762776,0.627756858526089,0.379101667563206,0.376681011296396,0.383001613770845,0.378160301237224,0.372243141473911,0.828446406825464,0.0817355813578649,6.4125,10.3277777777778
0.03,0,0.8125,0,0,0,0,4000,4000,6032,7256,1.96506262359921,2981,1517,0.831312017640573,0.83861631753032,0.00730429988974642,1.508,1.814,7256,3628,1814,1814,0.821664829106946,0.836273428886439,0.845644983461962,0.168687982359427,0.16138368246968,0.178335170893054,0.163726571113561,0.154355016538038,0.576302834216861,0.239349244583634,8.37777777777778,10.0777777777778
0.03,0,1,0,0,0,0,4000,4000,7375,7402,1.93108974358974,3615,1872,0.99635233720616,1.01378005944339,0.0174277222372332,1.84375,1.8505,7402,3701,1850.5,1850.5,0.976763037017022,1.01161848149149,1.02026479329911,0.00364766279383955,-0.0137800594433937,0.0232369629829776,-0.0116184814914888,-0.0202647932991082,0.218164729340651,0.661215460396985,10.2430555555556,10.2805555555556
0.05,0,0.25,0,0,0,0,4000,4000,1813,7385,1.74751491053678,879,503,0.245497630331754,0.262694651320244,0.0171970209884902,0.45325,1.84625,7385,3692.5,1846.25,1846.25,0.238050101557211,0.272444143534191,0.233446174678402,0.754502369668247,0.737305348679756,0.76194989844279,0.727555856465809,0.766553825321598,0.0157069855383703,1.80390715612298,2.51805555555556,10.2569444444444
0.05,0,0.4375,0,0,0,0,4000,4000,3178,7356,1.85119047619048,1555,840,0.432028276237085,0.449021207177814,0.0169929309407287,0.7945,1.839,7356,3678,1839,1839,0.422784121805329,0.456769983686786,0.425774877650897,0.567971723762915,0.550978792822186,0.577215878194671,0.543230016313214,0.574225122349103,0.0709024196956069,1.14933894334277,4.41388888888889,10.2166666666667
0.05,0,0.625,0,0,0,0,4000,4000,4453,7410,1.9359649122807,2207,1140,0.600944669365722,0.610796221322537,0.00985155195681511,1.11325,1.8525,7410,3705,1852.5,1852.5,0.595681511470985,0.615384615384615,0.597031039136302,0.399055330634278,0.389203778677463,0.404318488529015,0.384615384615385,0.402968960863698,0.372266159444083,0.429146441178003,6.18472222222222,10.2916666666667
0.05,0,0.8125,0,0,0,0,4000,4000,5865,7481,1.87631578947368,2852,1520,0.783986098115225,0.809116428284989,0.0251303301697634,1.46625,1.87025,7481,3740.5,1870.25,1870.25,0.762464911108141,0.812725571447668,0.798288998796952,0.216013901884775,0.190883571715011,0.237535088891859,0.187274428552333,0.201711001203048,0.0443789338264051,1.35282313560719,8.14583333333333,10.3902777777778
0.05,0,1,0,0,0,0,4000,4000,7501,7487,2.0026413100898,3791,1893,1.00186990784026,1.00120208361159,-0.000667824228663016,1.87525,1.87175,7487,3743.5,1871.75,1871.75,1.0126886603446,1.01135301188727,0.97074929878456,-0.00186990784025642,-0.00120208361159335,-0.0126886603445973,-0.0113530118872713,0.02925070121544,0.962596789922176,0.0165555909460174,10.4180555555556,10.3986111111111
0.1,0,0.25,0,0,0,0,4000,4000,1769,7529,1.97447795823666,851,431,0.234958161774472,0.236419179173861,0.00146101739938903,0.44225,1.88225,7529,3764.5,1882.25,1882.25,0.226059237614557,0.228981272413335,0.258732899455439,0.765041838225528,0.763580820826139,0.773940762385443,0.771018727586665,0.741267100544561,0.828023698797628,0.0819572331308818,2.45694444444444,10.4569444444444
0.1,0,0.4375,0,0,0,0,4000,4000,3321,7428,2.09850374064838,1683,802,0.447092084006462,0.436456650511578,-0.0106354334948842,0.83025,1.857,7428,3714,1857,1857,0.453150242326333,0.431879375336564,0.450188476036618,0.552907915993538,0.563543349488422,0.546849757673667,0.568120624663436,0.549811523963382,0.262460056306375,0.580936782336891,4.6125,10.3166666666667
0.1,0,0.625,0,0,0,0,4000,4000,4655,7339,1.98085291557876,2276,1149,0.634282599809238,0.637280283417359,0.002997683608121,1.16375,1.83475,7339,3669.5,1834.75,1834.75,0.620247990189399,0.626243357405641,0.670391061452514,0.365717400190762,0.362719716582641,0.379752009810601,0.373756642594359,0.329608938547486,0.790382675387443,0.102162587734819,6.46527777777778,10.1930555555556
0.1,0,0.8125,0,0,0,0,4000,4000,5850,7407,1.91890080428954,2863,1492,0.789793438639125,0.806129337113541,0.0163358984744161,1.4625,1.85175,7407,3703.5,1851.75,1851.75,0.773052517888484,0.805724314837316,0.807344403942217,0.210206561360875,0.193870662886459,0.226947482111516,0.194275685162684,0.192655596057783,0.194799403370631,0.710412377607503,8.125,10.2875
0.1,0,1,0,0,0,0,4000,4000,7454,7356,1.93603411513859,3632,1876,1.01332245785753,1.02963567156063,0.0163132137030995,1.8635,1.839,7356,3678,1839,1839,0.987493202827624,1.02011963023382,1.05818379554105,-0.0133224578575313,-0.0296356715606307,0.0125067971723762,-0.0201196302338227,-0.0581837955410549,0.252904135088742,0.597044069700509,10.3527777777778,10.2166666666667
0.5,0,0.25,0,0,0,0,4000,4000,1813,7560,1.96171171171171,871,444,0.239814814814815,0.242063492063492,0.00224867724867725,0.45325,1.89,7560,3780,1890,1890,0.23042328042328,0.234920634920635,0.263492063492064,0.760185185185185,0.757936507936508,0.76957671957672,0.765079365079365,0.736507936507937,0.740274038466931,0.130607481130102,2.51805555555556,10.5
0.5,0,0.4375,0,0,0,0,4000,4000,3191,7477,1.87926829268293,1541,820,0.426775444697071,0.440016049217601,0.0132406045205296,0.79775,1.86925,7477,3738.5,1869.25,1869.25,0.412197405376488,0.438678614417547,0.444028353617761,0.573224555302929,0.559983950782399,0.587802594623512,0.561321385582453,0.555971646382239,0.149670723430628,0.824863142181868,4.43194444444444,10.3847222222222
0.5,0,0.625,0,0,0,0,4000,4000,4413,7347,1.88240495137047,2129,1131,0.600653327888934,0.618755954811488,0.0181026269225534,1.10325,1.83675,7347,3673.5,1836.75,1836.75,0.579556281475432,0.615761535320539,0.627739213284334,0.399346672111066,0.381244045188512,0.420443718524568,0.384238464679461,0.372260786715666,0.0995313546349368,1.00204008508488,6.12916666666667,10.2041666666667
0.5,0,0.8125,0,0,0,0,4000,4000,5830,7319,1.84241628365069,2806,1523,0.796556906681241,0.829348271621806,0.0327913649405657,1.4575,1.82975,7319,3659.5,1829.75,1829.75,0.766771416860227,0.832354146741358,0.820330646263151,0.203443093318759,0.170651728378194,0.233228583139773,0.167645853258642,0.179669353736849,0.00989997584725232,2.00436586493961,8.09722222222222,10.1652777777778
0.5,0,1,0,0,0,0,4000,4000,7203,7429,1.88608981380066,3444,1826,0.969578678153183,0.997577062861758,0.0279983847085745,1.80075,1.85725,7429,3714.5,1857.25,1857.25,0.927177278233948,0.983174047651097,1.04078610849374,0.0304213218468166,0.00242293713824204,0.072822721766052,0.0168259523489029,-0.0407861084937406,0.0427630691722973,1.36893113235104,10.0041666666667,10.3180555555556
1,0,0.25,0,0,0,0,4000,4000,1710,7500,1.88452655889146,816,433,0.228,0.234666666666667,0.00666666666666667,0.4275,1.875,7500,3750,1875,1875,0.2176,0.230933333333333,0.245866666666667,0.772,0.765333333333333,0.7824,0.769066666666667,0.754133333333333,0.317116853821684,0.498780675893922,2.375,10.4166666666667
1,0,0.4375,0,0,0,0,4000,4000,3072,7528,1.79323308270677,1431,798,0.40807651434644,0.42999468650372,0.0219181721572795,0.768,1.882,7528,3764,1882,1882,0.380180658873539,0.424017003188098,0.447927736450585,0.59192348565356,0.570005313496281,0.619819341126461,0.575982996811902,0.552072263549416,0.0134647591365944,1.87080141102956,4.26666666666667,10.4555555555556
1,0,0.625,0,0,0,0,4000,4000,4453,7534,1.69065343258892,2044,1209,0.591053889036369,0.640695513671357,0.0496416246349881,1.11325,1.8835,7534,3767,1883.5,1883.5,0.54260684895142,0.641890098221396,0.637111760021237,0.408946110963632,0.359304486328643,0.45739315104858,0.358109901778604,0.362888239978763,3.53913754285864e-06,5.45110255888162,6.18472222222222,10.4638888888889
1,0,0.8125,0,0,0,0,4000,4000,5744,7393,1.87381916329285,2777,1482,0.7769511700257,0.80224536723928,0.0252941972135804,1.436,1.84825,7393,3696.5,1848.25,1848.25,0.751251183552009,0.801839577979169,0.803462735019613,0.2230488299743,0.19775463276072,0.248748816447991,0.198160422020831,0.196537264980387,0.042748844600404,1.36907561872411,7.97777777777778,10.2680555555556
1,0,1,0,0,0,0,4000,4000,6903,7255,1.83470620538166,3341,1821,0.951481736733287,0.992970365265334,0.0414886285320469,1.72575,1.81375,7255,3627.5,1813.75,1813.75,0.921019986216402,1.0039972432805,0.959889731219848,0.0485182632667126,0.00702963473466578,0.0789800137835975,-0.00399724328049622,0.0401102687801517,0.00305259070933698,2.51533142190259,9.5875,10.0763888888889
0,1,0.25,0,0,1,0,4000,4000,1847,7453,1.97577092511013,897,454,0.247819669931571,0.2492955856702,0.00147591573862874,0.46175,1.86325,7453,3726.5,1863.25,1863.25,0.240708439554542,0.243660271031799,0.266201529585402,0.752180330068429,0.7507044143298,0.759291560445458,0.756339728968201,0.733798470414598,0.832406051080646,0.0796647713948385,2.56527777777778,10.3513888888889
0,1,0.4375,0,0,1,0,4000,4000,3286,7554,2.08219178082192,1672,803,0.435001323801959,0.426264230871062,-0.00873709293089754,0.8215,1.8885,7554,3777,1888.5,1888.5,0.442679375165475,0.42520518930368,0.429441355573206,0.564998676198041,0.573735769128938,0.557320624834525,0.57479481069632,0.570558644426794,0.348201679413126,0.458169138565917,4.56388888888889,10.4916666666667
0,1,0.625,0,0,1,0,4000,4000,4715,7377,1.94514767932489,2305,1185,0.639148705435814,0.647959875288058,0.00881116985224346,1.17875,1.84425,7377,3688.5,1844.25,1844.25,0.624915277212959,0.642537616917446,0.664226650399892,0.360851294564186,0.352040124711942,0.375084722787041,0.357462383082554,0.335773349600108,0.436562625623242,0.359953447235134,6.54861111111111,10.2458333333333
0,1,0.8125,0,0,1,0,4000,4000,5981,7411,2.02319236016371,2966,1466,0.807043583861827,0.802455808932668,-0.00458777492915936,1.49525,1.85275,7411,3705.5,1852.75,1852.75,0.800431790581568,0.791256240723249,0.836054513560923,0.192956416138173,0.197544191067332,0.199568209418432,0.208743759276751,0.163945486439077,0.718001972092867,0.143874362905508,8.30694444444444,10.2930555555556
0,1,1,0,0,1,0,4000,4000,7454,7409,1.93595800524934,3688,1905,1.00607369415576,1.02254015386692,0.0164664597111621,1.8635,1.85225,7409,3704.5,1852.25,1852.25,0.995545957619112,1.02847887704144,1.00472398434337,-0.00607369415575643,-0.0225401538669185,0.00445404238088809,-0.0284788770414361,-0.00472398434336618,0.248699961257478,0.604324282384527,10.3527777777778,10.2902777777778
0.001,1,0.25,0,0,1,0,4000,4000,1857,7442,2.00643776824034,935,466,0.249529696318194,0.249126578876646,-0.000403117441547971,0.46425,1.8605,7442,3721,1860.5,1860.5,0.251276538564902,0.250470303681806,0.245095404461166,0.750470303681806,0.750873421123354,0.748723461435098,0.749529696318194,0.754904595538834,0.954804540227964,0.0200855245299006,2.57916666666667,10.3361111111111
0.001,1,0.4375,0,0,1,0,4000,4000,3159,7284,2.02272727272727,1602,792,0.433690280065898,0.431219110378913,-0.00247116968698517,0.78975,1.821,7284,3642,1821,1821,0.439868204283361,0.43492586490939,0.420098846787479,0.566309719934102,0.568780889621087,0.560131795716639,0.56507413509061,0.579901153212521,0.794761190646548,0.0997633482803445,4.3875,10.1166666666667
0.001,1,0.625,0,0,1,0,4000,4000,4625,7591,2.01204819277108,2338,1162,0.609274140429456,0.607429851139507,-0.00184428928994862,1.15625,1.89775,7591,3795.5,1897.75,1897.75,0.61599262284284,0.612304044262943,0.5928072717692,0.390725859570544,0.392570148860493,0.38400737715716,0.387695955737057,0.4071927282308,0.867108822552047,0.061926394948131,6.42361111111111,10.5430555555556
0.001,1,0.8125,0,0,1,0,4000,4000,6018,7489,2,3006,1503,0.80357858192015,0.80357858192015,0,1.5045,1.87225,7489,3744.5,1872.25,1872.25,0.8027774068634,0.8027774068634,0.805982107090399,0.19642141807985,0.19642141807985,0.1972225931366,0.1972225931366,0.194017892909601,1,0,8.35833333333333,10.4013888888889
0.001,1,1,0,0,1,0,4000,4000,7296,7289,2.00881542699725,3646,1815,1.00096035121416,0.998765262724654,-0.00219508848950473,1.824,1.82225,7289,3644.5,1822.25,1822.25,1.00041157909178,0.996021402112773,1.0069968445603,-0.000960351214158495,0.00123473727534629,-0.000411579091782244,0.00397859788722732,-0.00699684456029637,0.878321165621859,0.0563466515732453,10.1333333333333,10.1236111111111
0.01,1,0.25,0,0,1,0,4000,4000,1787,7410,2.05152224824356,876,427,0.241160593792173,0.238191632928475,-0.00296896086369771,0.44675,1.8525,7410,3705,1852.5,1852.5,0.236437246963563,0.230499325236167,0.261268556005398,0.758839406207827,0.761808367071525,0.763562753036437,0.769500674763833,0.738731443994602,0.666498528526581,0.176200805070064,2.48194444444444,10.2916666666667
0.01,1,0.4375,0,0,1,0,4000,4000,3108,7462,1.91161616161616,1514,792,0.416510318949343,0.425891181988743,0.00938086303939963,0.777,1.8655,7462,3731,1865.5,1865.5,0.405789332618601,0.4245510586974,0.429911551862771,0.583489681050657,0.574108818011257,0.594210667381399,0.5754489413026,0.570088448137229,0.30265801833671,0.51904781580972,4.31666666666667,10.3638888888889
0.01,1,0.625,0,0,1,0,4000,4000,4463,7373,1.86899563318777,2140,1145,0.605316696053167,0.625661196256612,0.020344500203445,1.11575,1.84325,7373,3686.5,1843.25,1843.25,0.580496405804964,0.621185406211854,0.639088566390886,0.394683303946833,0.374338803743388,0.419503594195036,0.378814593788146,0.360911433609114,0.0642295635797442,1.19226502887416,6.19861111111111,10.2402777777778
0.01,1,0.8125,0,0,1,0,4000,4000,5806,7183,1.86177248677249,2815,1512,0.808297368787415,0.837393846582208,0.0290964777947933,1.4515,1.79575,7183,3591.5,1795.75,1795.75,0.783795071697063,0.841988027286649,0.823611304468885,0.191702631212585,0.162606153417792,0.216204928302937,0.158011972713351,0.176388695531115,0.0246616031366956,1.60797869534813,8.06388888888889,9.97638888888889
0.01,1,1,0,0,1,0,4000,4000,7161,7340,1.893605292172,3435,1814,0.975613079019073,1.00190735694823,0.0262942779291553,1.79025,1.835,7340,3670,1835,1835,0.935967302452316,0.988555858310627,1.04196185286104,0.0243869209809264,-0.00190735694822886,0.0640326975476839,0.0114441416893732,-0.0419618528610355,0.0596100942794977,1.22468019128857,9.94583333333333,10.1944444444444
0.03,1,0.25,0,0,1,0,4000,4000,1746,7526,1.78213507625272,818,459,0.231995748073346,0.245283018867925,0.0132872707945788,0.4365,1.8815,7526,3763,1881.5,1881.5,0.217379750199309,0.243954291788467,0.249269200106298,0.768004251926654,0.754716981132076,0.782620249800691,0.756045708211533,0.750730799893702,0.047844865822311,1.32016465902968,2.425,10.4527777777778
0.03,1,0.4375,0,0,1,0,4000,4000,3036,7341,1.77959697732998,1413,794,0.413567633837352,0.437406347909004,0.0238387140716524,0.759,1.83525,7341,3670.5,1835.25,1835.25,0.384961176951369,0.432638605094674,0.451709576351996,0.586432366162648,0.562593652090996,0.615038823048631,0.567361394905326,0.548290423648004,0.00843762729273241,2.07377966220664,4.21666666666667,10.1958333333333
0.03,1,0.625,0,0,1,0,4000,4000,4317,7517,1.78627280625543,2056,1151,0.574298257283491,0.607024078754822,0.0327258214713317,1.07925,1.87925,7517,3758.5,1879.25,1879.25,0.547026739390714,0.612478382333378,0.590661168019157,0.425701742716509,0.392975921245178,0.452973260609286,0.387521617666622,0.409338831980843,0.00212884718216719,2.67185551297387,5.99583333333333,10.4402777777778
0.03,1,0.8125,0,0,1,0,4000,4000,5745,7657,1.78985507246377,2717,1518,0.750293848765835,0.79195507378869,0.0416612250228549,1.43625,1.91425,7657,3828.5,1914.25,1914.25,0.709677419354839,0.792999869400549,0.788820686953115,0.249706151234165,0.20804492621131,0.290322580645161,0.207000130599451,0.211179313046885,0.000527943173829979,3.27741282106509,7.97916666666667,10.6347222222222
0.03,1,1,0,0,1,0,4000,4000,6854,7365,1.75863960504663,3206,1823,0.930617786829599,0.990359809911745,0.0597420230821453,1.7135,1.84125,7365,3682.5,1841.25,1841.25,0.870604209097081,0.990088255261371,0.991174473862865,0.0693822131704006,0.00964019008825534,0.129395790902919,0.00991174473862866,0.00882552613713505,1.14768953993952e-05,4.94017557650771,9.51944444444444,10.2291666666667
0.05,1,0.25,0,0,1,0,4000,4000,1580,7457,1.65675057208238,724,437,0.211881453667695,0.231996781547539,0.0201153278798444,0.395,1.86425,7457,3728.5,1864.25,1864.25,0.194179965133432,0.234410620893121,0.224755263510795,0.788118546332305,0.768003218452461,0.805820034866568,0.765589379106879,0.775244736489205,0.00185281356344162,2.73216827870703,2.19444444444444,10.3569444444444
0.05,1,0.4375,0,0,1,0,4000,4000,3086,7540,1.70156438026474,1414,831,0.409283819628647,0.442175066312997,0.0328912466843501,0.7715,1.885,7540,3770,1885,1885,0.375066312997348,0.440848806366048,0.446153846153846,0.590716180371353,0.557824933687003,0.624933687002653,0.559151193633952,0.553846153846154,0.000214683500541851,3.66820133189807,4.28611111111111,10.4722222222222
0.05,1,0.625,0,0,1,0,4000,4000,4132,7200,1.61149825783972,1850,1148,0.573888888888889,0.635833333333333,0.0619444444444445,1.033,1.8,7200,3600,1800,1800,0.513888888888889,0.637777777777778,0.63,0.426111111111111,0.364166666666667,0.486111111111111,0.362222222222222,0.37,8.42358732597036e-09,8.07450291751629,5.73888888888889,10
0.05,1,0.8125,0,0,1,0,4000,4000,5617,7397,1.73082010582011,2617,1512,0.759361903474382,0.81438420981479,0.0550223063404083,1.40425,1.84925,7397,3698.5,1849.25,1849.25,0.707584155738813,0.81762876841963,0.804650534000271,0.240638096525619,0.18561579018521,0.292415844261187,0.18237123158037,0.19534946599973,7.50808633089887e-06,5.124470742335,7.80138888888889,10.2736111111111
0.05,1,1,0,0,1,0,4000,4000,6727,7358,1.70443349753695,3114,1827,0.914243000815439,0.987632508833922,0.0733895080184833,1.68175,1.8395,7358,3679,1839.5,1839.5,0.846425659146507,0.993204675183474,0.970916009785268,0.0857569991845609,0.0123674911660776,0.153574340853493,0.00679532481652623,0.0290839902147323,5.56807221964557e-08,7.25429514042513,9.34305555555556,10.2194444444444
0.1,1,0.25,0,0,1,0,4000,4000,1627,7203,1.69124423963134,734,434,0.225878106344579,0.24448146605581,0.0186033597112314,0.40675,1.80075,7203,3601.5,1800.75,1800.75,0.203803970567819,0.241010689990282,0.254893794252395,0.774121893655421,0.75551853394419,0.796196029432181,0.758989310009718,0.745106205747605,0.00556309845157153,2.254683254171,2.25972222222222,10.0041666666667
0.1,1,0.4375,0,0,1,0,4000,4000,2928,7362,1.52122641509434,1290,848,0.397718011409943,0.452866069002988,0.0551480575930454,0.732,1.8405,7362,3681,1840.5,1840.5,0.350448247758761,0.460744362944852,0.429231187177397,0.602281988590057,0.547133930997012,0.649551752241239,0.539255637055148,0.570768812822603,5.33930755475911e-10,9.27251506219364,4.06666666666667,10.225
0.1,1,0.625,0,0,1,0,4000,4000,4129,7434,1.56091148115688,1781,1141,0.555421038471886,0.622814097390369,0.0673930589184826,1.03225,1.8585,7434,3717,1858.5,1858.5,0.479149852031208,0.613935969868173,0.649448479956955,0.444578961528114,0.377185902609631,0.520850147968792,0.386064030131827,0.350551520043045,5.6151008245581e-11,10.2506424411557,5.73472222222222,10.325
0.1,1,0.8125,0,0,1,0,4000,4000,5495,7517,1.67989240080699,2498,1487,0.731009711321006,0.794332845550087,0.0633231342290807,1.37375,1.87925,7517,3758.5,1879.25,1879.25,0.66462684581615,0.791273114274312,0.803512039377411,0.268990288678994,0.205667154449914,0.33537315418385,0.208726885725688,0.196487960622589,9.72180895549486e-08,7.01225291755376,7.63194444444445,10.4402777777778
0.1,1,1,0,0,1,0,4000,4000,6445,7411,1.54389839867477,2796,1811,0.869653218189178,0.981109162056403,0.111455943867224,1.61125,1.85275,7411,3705.5,1852.75,1852.75,0.754554041289974,0.977465929024423,0.992038861152341,0.130346781810822,0.0188908379435974,0.245445958710026,0.0225340709755768,0.00796113884765892,7.62499678384169e-18,17.1177603351628,8.95138888888889,10.2930555555556
0.5,1,0.25,0,0,1,0,4000,4000,1553,7397,1.33477321814255,618,463,0.209949979721509,0.251588481816953,0.0416385020954441,0.38825,1.84925,7397,3698.5,1849.25,1849.25,0.16709476814925,0.250371772340138,0.255238610247398,0.790050020278491,0.748411518183047,0.83290523185075,0.749628227659862,0.744761389752602,3.49514811855921e-11,10.4565344148511,2.15694444444444,10.2736111111111
0.5,1,0.4375,0,0,1,0,4000,4000,2654,7553,1.29776674937965,1046,806,0.351383556202833,0.426320667284523,0.0749371110816894,0.6635,1.88825,7553,3776.5,1888.25,1888.25,0.276976036012181,0.426850258175559,0.424731894611413,0.648616443797167,0.573679332715477,0.723023963987819,0.573149741824441,0.575268105388587,1.40502448516092e-20,19.8523161073051,3.68611111111111,10.4902777777778
0.5,1,0.625,0,0,1,0,4000,4000,3797,7683,1.3013816925734,1507,1158,0.494207991669921,0.599505401535858,0.105297409865938,0.94925,1.92075,7683,3841.5,1920.75,1920.75,0.392294676558636,0.602889496290512,0.589353117271899,0.505792008330079,0.400494598464142,0.607705323441364,0.397110503709489,0.410646882728101,1.54866769894806e-28,27.8100417597716,5.27361111111111,10.6708333333333
0.5,1,0.8125,0,0,1,0,4000,4000,4927,7492,1.22503242542153,1889,1542,0.657634810464495,0.817138280832888,0.159503470368393,1.23175,1.873,7492,3746,1873,1873,0.50427122263748,0.823278163374266,0.798718633208756,0.342365189535505,0.182861719167112,0.49572877736252,0.176721836625734,0.201281366791244,3.55663973878892e-47,46.4489601233944,6.84305555555556,10.4055555555556
0.5,1,1,0,0,1,0,4000,4000,6133,7581,1.28732545649839,2397,1862,0.808996174647144,0.984039044980873,0.175042870333729,1.53325,1.89525,7581,3790.5,1895.25,1895.25,0.632370399683419,0.982456140350877,0.988787758870861,0.191003825352856,0.0159609550191269,0.367629600316581,0.0175438596491229,0.0112122411291387,7.09969948296284e-47,46.1487600337673,8.51805555555556,10.5291666666667
1,1,0.25,0,0,1,0,4000,4000,1493,7431,1.20697167755991,554,459,0.200915085452833,0.249899071457408,0.0489839860045754,0.37325,1.85775,7431,3715.5,1857.75,1857.75,0.149105100255686,0.247073072264837,0.258377069035123,0.799084914547167,0.750100928542592,0.850894899744315,0.752926927735164,0.741622930964877,6.12063072015551e-16,15.2132038222712,2.07361111111111,10.3208333333333
1,1,0.4375,0,0,1,0,4000,4000,2554,7414,1.14927184466019,947,824,0.344483409765309,0.439034259509037,0.0945508497437281,0.6385,1.8535,7414,3707,1853.5,1853.5,0.255462638251956,0.444564337739412,0.422444024817912,0.655516590234691,0.560965740490963,0.744537361748044,0.555435662260588,0.577555975182088,5.03208584168205e-32,31.2982519589279,3.54722222222222,10.2972222222222
1,1,0.625,0,0,1,0,4000,4000,3543,7248,1.0895652173913,1253,1150,0.488824503311258,0.633278145695364,0.144453642384106,0.88575,1.812,7248,3624,1812,1812,0.34575055187638,0.634657836644592,0.629139072847682,0.511175496688742,0.366721854304636,0.65424944812362,0.365342163355408,0.370860927152318,1.55419399818538e-51,50.8084947724831,4.92083333333333,10.0666666666667
1,1,0.8125,0,0,1,0,4000,4000,4723,7365,1.13128674069236,1732,1531,0.641276306856755,0.821860149355058,0.180583842498303,1.18075,1.84125,7365,3682.5,1841.25,1841.25,0.470332654446707,0.831500339443313,0.792939579090292,0.358723693143245,0.178139850644942,0.529667345553293,0.168499660556687,0.207060420909708,6.68563826118745e-61,60.1748571254132,6.55972222222222,10.2291666666667
1,1,1,0,0,1,0,4000,4000,5813,7350,1.18006607929515,2143,1816,0.790884353741497,0.993469387755102,0.202585034013605,1.45325,1.8375,7350,3675,1837.5,1837.5,0.58312925170068,0.988299319727891,1.00897959183673,0.209115646258503,0.00653061224489804,0.41687074829932,0.0117006802721088,-0.0089795918367348,7.47079596667196e-63,62.1266331243536,8.07361111111111,10.2083333333333
